{"options":{"check_for_updates":true,"user_modified":null,"comment":null,"compatopts_for_requires":true,"compat_wrappedjsobject":false,"compat_metadata":false,"compat_foreach":false,"compat_powerful_this":null,"sandbox":null,"noframes":null,"unwrap":null,"run_at":null,"tab_types":null,"override":{"merge_connects":true,"merge_excludes":true,"merge_includes":true,"merge_matches":true,"orig_connects":["greasyfork.org","baidu.com","localhost","127.0.0.1","*"],"orig_excludes":[],"orig_includes":[],"orig_matches":["https://nyaa.si/*","https://pan.baidu.com/*","https://search.bilibili.com/*","https://space.bilibili.com/*","https://sukebei.nyaa.si/*","https://v.qq.com/*","https://wallhaven.cc/*","https://www.bilibili.com/*"],"orig_noframes":true,"orig_run_at":"document-body","use_blockers":[],"use_connects":[],"use_excludes":[],"use_includes":[],"use_matches":[]}},"settings":{"enabled":true,"position":5},"meta":{"name":"HD2A","uuid":"370c8219-890d-4ce8-8b01-85dd667425c4","modified":1699998178769,"file_url":"http://121.5.226.51/tampermonkey/hd2a.user.js"}}